Tamaño muestra, Bubblesort mejor,Bubblesort peor, Bubblesort promedio, Insertionsort mejor, Insertionsort peor, Insertionsort promedio, Selectionsort mejor, Selectionsort peor, Selectionsort promedio, Cocktailsort mejor, Cocktailsort peor, Cocktailsort promedio
1000, 0.000003, 0.008544, 0.005394, 0.000010, 0.003453, 0.001733, 0.001162, 0.001222, 0.001215, 0.000003, 0.008008, 0.004590
2000, 0.000015, 0.033122, 0.020512, 0.000022, 0.013749, 0.007032, 0.004813, 0.004922, 0.004915, 0.000005, 0.032120, 0.018620
4000, 0.000018, 0.132246, 0.083013, 0.000044, 0.055159, 0.027881, 0.019055, 0.019462, 0.019340, 0.000010, 0.128679, 0.073944
7000, 0.000030, 0.403348, 0.261587, 0.000083, 0.167992, 0.083540, 0.059146, 0.060722, 0.059958, 0.000022, 0.396142, 0.232053
11000, 0.000053, 0.986595, 0.652737, 0.000122, 0.439678, 0.218206, 0.146466, 0.149777, 0.146251, 0.000034, 0.980994, 0.596814
16000, 0.000165, 2.075742, 1.448577, 0.000222, 0.891589, 0.441438, 0.330614, 0.337058, 0.332604, 0.000088, 2.059327, 1.273009
22000, 0.000152, 3.967261, 2.836747, 0.000290, 1.728132, 0.853400, 0.673466, 0.671858, 0.674300, 0.000133, 3.882369, 2.458997
28000, 0.000227, 6.413493, 4.577934, 0.000398, 2.821318, 1.369596, 1.162927, 1.156762, 1.162994, 0.000197, 6.281787, 4.016458
