Tamaño muestra, Bubblesort mejor,Bubblesort peor, Bubblesort promedio, Insertionsort mejor, Insertionsort peor, Insertionsort promedio, Selectionsort mejor, Selectionsort peor, Selectionsort promedio, Cocktailsort mejor, Cocktailsort peor, Cocktailsort promedio
1000, 0.000011, 0.024752, 0.014202, 0.000032, 0.008848, 0.007130, 0.002676, 0.003054, 0.004280, 0.000006, 0.018718, 0.011712
2000, 0.000031, 0.084927, 0.049307, 0.000053, 0.033914, 0.026564, 0.010773, 0.011386, 0.016707, 0.000011, 0.076701, 0.052366
4000, 0.000057, 0.328258, 0.201858, 0.000115, 0.129432, 0.106418, 0.044153, 0.043846, 0.066176, 0.000023, 0.299791, 0.186878
7000, 0.000094, 0.947823, 0.609451, 0.000296, 0.467766, 0.358067, 0.160220, 0.148675, 0.227170, 0.000049, 1.028600, 0.649090
11000, 0.000181, 2.754937, 1.735322, 0.000317, 1.130300, 0.876571, 0.402695, 0.432192, 0.562183, 0.000127, 2.536753, 1.598027
16000, 0.000239, 5.260720, 3.840278, 0.000500, 2.248193, 1.859712, 0.816883, 0.864723, 1.191717, 0.000214, 5.209604, 3.455800
22000, 0.000325, 10.243629, 7.100303, 0.000735, 4.785844, 3.936213, 2.074508, 1.943105, 2.692056, 0.000233, 9.867183, 6.857643
28000, 0.000432, 16.017641, 11.948492, 0.000990, 8.306184, 6.377441, 2.996687, 3.144152, 4.565539, 0.000358, 17.794728, 11.953016
