Tamaño muestra,Busqueda binaria peor caso,Busqueda secuencial peor caso
1000,0.000002,0.000009
2000,0.000001,0.000016
4000,0.000001,0.000008
7000,0.000000,0.000014
11000,0.000000,0.000034
16000,0.000000,0.000053
22000,0.000000,0.000079
28000,0.000001,0.000617
