Tamaño muestra,Busqueda binaria peor caso,Busqueda secuencial peor caso
1000,0.000001,0.000009
2000,0.000001,0.000015
4000,0.000002,0.000036
7000,0.000001,0.000050
11000,0.000001,0.000081
16000,0.000001,0.000125
22000,0.000000,0.000194
28000,0.000000,0.000234
