Tamaño muestra, Bubblesort mejor,Bubblesort peor, Bubblesort promedio, Insertionsort mejor, Insertionsort peor, Insertionsort promedio, Selectionsort mejor, Selectionsort peor, Selectionsort promedio, Cocktailsort mejor, Cocktailsort peor, Cocktailsort promedio
1000, 0.000003, 0.009270, 0.005147, 0.000020, 0.003397, 0.002717, 0.001155, 0.001206, 0.001868, 0.000003, 0.007819, 0.004838
2000, 0.000007, 0.032605, 0.019914, 0.000022, 0.013781, 0.010874, 0.005063, 0.005179, 0.007419, 0.000009, 0.031882, 0.019384
4000, 0.000014, 0.132701, 0.082803, 0.000044, 0.056792, 0.045511, 0.021118, 0.021024, 0.030285, 0.000011, 0.130669, 0.080859
7000, 0.000039, 0.415918, 0.269518, 0.000090, 0.175655, 0.141880, 0.064754, 0.065770, 0.095209, 0.000024, 0.401696, 0.255425
11000, 0.000074, 1.016075, 0.692275, 0.000130, 0.499652, 0.362526, 0.162704, 0.178364, 0.231857, 0.000044, 1.014625, 0.736751
16000, 0.000230, 2.463782, 1.683457, 0.000285, 1.028959, 0.844034, 0.353393, 0.368107, 0.524369, 0.000117, 2.105046, 1.440632
22000, 0.000199, 4.075795, 3.031028, 0.000471, 1.812185, 1.510290, 0.738677, 0.743383, 1.073418, 0.000160, 5.400729, 2.744558
28000, 0.000238, 6.372989, 4.850691, 0.000423, 3.923169, 2.526768, 1.388564, 1.191561, 1.739119, 0.000231, 6.735008, 4.650470
50000, 0.000892, 22.921090, 18.946383, 0.000912, 12.190313, 9.247592, 5.702384, 5.520673, 7.766434, 0.000486, 25.956519, 17.011342
