Tamaño muestra, Bubblesort mejor,Bubblesort peor, Bubblesort promedio, Insertionsort mejor, Insertionsort peor, Insertionsort promedio, Selectionsort mejor, Selectionsort peor, Selectionsort promedio, Cocktailsort mejor, Cocktailsort peor, Cocktailsort promedio
1000, 0.000011, 0.021947, 0.013284, 0.000037, 0.009101, 0.004662, 0.002961, 0.003098, 0.003106, 0.000007, 0.019901
2000, 0.000022, 0.078269, 0.049355, 0.000055, 0.032451, 0.016303, 0.010793, 0.010710, 0.010820, 0.000012, 0.074627
4000, 0.000059, 0.330880, 0.201952, 0.000115, 0.132300, 0.063381, 0.042447, 0.042978, 0.043320, 0.000023, 0.296894
7000, 0.000081, 0.944990, 0.602291, 0.000190, 0.407354, 0.200722, 0.127486, 0.128768, 0.132705, 0.000048, 0.928805
11000, 0.000142, 2.347397, 1.526165, 0.000450, 1.005337, 0.485245, 0.322692, 0.337506, 0.320900, 0.000094, 2.253198
16000, 0.000236, 4.887373, 3.421371, 0.000500, 2.213369, 1.071140, 0.771409, 0.825859, 0.782513, 0.000174, 4.832703
22000, 0.000337, 9.301206, 6.641604, 0.000646, 4.156645, 2.043697, 1.642844, 1.664008, 1.650751, 0.000256, 9.271337
28000, 0.000413, 15.189353, 11.171060, 0.000928, 7.030422, 3.492972, 3.277928, 3.304206, 3.232150, 0.000317, 14.898822
